,Search-US,Search-EU,Search-APAC,Search-Brand-Defense,Meta-Prospecting-US,Meta-Prospecting-EU,Meta-Retargeting,Meta-Creators,Meta-Advantage-Plus,TikTok-GenZ-US,TikTok-GenZ-Intl,TikTok-Spark-Ads,TikTok-Live-Shopping,YouTube-Awareness,YouTube-Shorts,YouTube-Action,Display-Programmatic,Display-Native,Display-Retail-Media,Email-CRM-Active,Email-CRM-Winback,Email-Newsletter-Spons,SMS-CRM,SMS-Promo,Affiliate-Coupon,Affiliate-Content,Affiliate-Influencer,Podcast-HostRead,Podcast-Programmatic,CTV-Streaming-Premium,CTV-Streaming-AVOD,OOH-Digital-Urban,OOH-Transit,Amazon-Sponsored-Prod,Amazon-DSP,LinkedIn-Sponsored,LinkedIn-InMail,Reddit-Communities,Pinterest-Shopping,Twitch-Sponsorships
Search-US,68.89,-37.724,-47.061,-19.049,,,,,,,,,-12.749,,,-30.088,,,-11.354,,,,,,-7.868,-22.41,,,,,,,,-9.163,-15.637,,,,-13.048,
Search-EU,-37.724,102.01,-57.267,-23.179,,,,,,,,,-15.514,,,-36.612,,,-13.817,,,,,,-9.575,-27.27,,,,,,,,-11.15,-19.028,,,,-15.877,
Search-APAC,-47.061,-57.267,158.76,-28.917,,,,,,,,,-19.354,,,-45.675,,,-17.237,,,,,,-11.945,-34.02,,,,,,,,-13.91,-23.738,,,,-19.807,
Search-Brand-Defense,-19.049,-23.179,-28.917,26.01,,,,,,,,,-7.834,,,-18.487,,,-6.977,,,,,,-4.835,-13.77,,,,,,,,-5.63,-9.608,,,,-8.017,
Meta-Prospecting-US,,,,,506.25,-210.6,-101.25,-246.037,-184.275,-88.02,-79.38,-58.59,,,-75.33,,,,,,,,,,,,-43.74,,,,,,,,,,,-49.68,,-42.93
Meta-Prospecting-EU,,,,,-210.6,432.64,-93.6,-227.448,-170.352,-81.37,-73.382,-54.163,,,-69.638,,,,,,,,,,,,-40.435,,,,,,,,,,,-45.926,,-39.686
Meta-Retargeting,,,,,-101.25,-93.6,100.0,-109.35,-81.9,,,,,,,,,,,-15.5,-12.0,,-10.25,-13.25,,,,,,,,,,,,,,,,
Meta-Creators,,,,,-246.038,-227.448,-109.35,590.49,-199.017,-198.045,-178.605,-131.827,,,-169.493,,,,,,,,,,,,-98.415,,,,,,,,,,,-111.78,,-96.593
Meta-Advantage-Plus,,,,,-184.275,-170.352,-81.9,-199.017,331.24,-71.198,-64.21,-47.393,,,-60.934,,,,,,,,,,,,-35.381,,,,,,,,,,,-40.186,,-34.726
TikTok-GenZ-US,,,,,-88.02,-81.37,,-198.045,-71.198,1062.76,-431.298,-318.339,-187.776,,-227.385,,,,,,,,,,,,-132.03,,,,,,,,,,,-149.96,,-129.585
TikTok-GenZ-Intl,,,,,-79.38,-73.382,,-178.605,-64.21,-431.298,864.36,-287.091,-169.344,,-205.065,,,,,,,,,,,,-119.07,,,,,,,,,,,-135.24,,-116.865
TikTok-Spark-Ads,,,,,-58.59,-54.163,,-131.827,-47.393,-318.339,-287.091,470.89,-124.992,,-151.357,,,,,,,,,,,,-87.885,,,,,,,,,,,-99.82,,-86.257
TikTok-Live-Shopping,-12.749,-15.514,-19.354,-7.834,,,,,,-187.776,-169.344,-124.992,163.84,,,-22.272,,,-36.48,,,,,,-25.28,-16.589,,,,,,,,-29.44,-50.24,,,,-41.92,
YouTube-Awareness,,,,,,,,,,,,,,1239.04,-441.936,-229.68,-232.32,-174.24,,,,,,,,,,,-152.24,-279.84,-216.48,-121.229,-93.35,,,,,,,
YouTube-Shorts,,,,,-75.33,-69.638,,-169.493,-60.934,-227.385,-205.065,-151.357,,-441.936,778.41,-182.047,,,,,,,,,,,-112.995,,,,,,,,,,,-128.34,,-110.903
YouTube-Action,-30.088,-36.612,-45.675,-18.487,,,,,,,,,-22.272,-229.68,-182.048,210.25,,,-19.836,,,,,,-13.746,-39.15,,,,,,,,-16.008,-27.318,,,,-22.794,
Display-Programmatic,,,,,,,,,,,,,,-232.32,,,696.96,-235.224,-135.432,,,,,,,,,,-114.18,-209.88,-162.36,-90.922,-70.013,,,,,,,
Display-Native,,,,,,,,,,,,,,-174.24,,,-235.224,392.04,-101.574,,,,,,,,,,-85.635,-157.41,-121.77,-68.191,-52.51,,,,,,,
Display-Retail-Media,-11.354,-13.817,-17.237,-6.977,,,,,,,,,-36.48,,,-19.836,-135.432,-101.574,129.96,,,,,,-22.515,-14.774,,,,,,,,-26.22,-44.745,,,,-37.335,
Email-CRM-Active,,,,,,,-15.5,,,,,,,,,,,,,38.44,-13.392,-27.063,-6.355,-8.215,,,,,,,,,,,,,,,,
Email-CRM-Winback,,,,,,,-12.0,,,,,,,,,,,,,-13.392,23.04,-20.952,-4.92,-6.36,,,,,,,,,,,,,,,,
Email-Newsletter-Spons,,,,,,,,,,,,,,,,,,,,-27.063,-20.952,94.09,,,,,,-32.98,,,,,,,,-28.857,-15.52,,,
SMS-CRM,,,,,,,-10.25,,,,,,,,,,,,,-6.355,-4.92,,16.81,-9.778,,,,,,,,,,,,,,,,
SMS-Promo,,,,,,,-13.25,,,,,,,,,,,,,-8.215,-6.36,,-9.778,28.09,,,,,,,,,,,,,,,,
Affiliate-Coupon,-7.868,-9.575,-11.945,-4.835,,,,,,,,,-25.28,,,-13.746,,,-22.515,,,,,,62.41,-38.394,-57.591,,,,,,,-18.17,-31.008,,,,-25.872,
Affiliate-Content,-22.41,-27.27,-34.02,-13.77,,,,,,,,,-16.589,,,-39.15,,,-14.774,,,,,,-38.394,116.64,-78.732,,,,,,,-11.923,-20.347,,,,-16.978,
Affiliate-Influencer,,,,,-43.74,-40.435,,-98.415,-35.381,-132.03,-119.07,-87.885,,,-112.995,,,,,,,,,,-57.591,-78.732,262.44,,,,,,,,,,,-74.52,,-64.395
Podcast-HostRead,,,,,,,,,,,,,,,,,,,,,,-32.98,,,,,,184.96,-105.876,,,,,,,-40.46,-21.76,,,
Podcast-Programmatic,,,,,,,,,,,,,,-152.24,,,-114.18,-85.635,,,,,,,,,,-105.876,299.29,-137.535,-106.395,-59.581,-45.88,,,,,,,
CTV-Streaming-Premium,,,,,,,,,,,,,,-279.84,,,-209.88,-157.41,,,,,,,,,,,-137.535,1011.24,-352.026,-109.519,-84.334,,,,,,,
CTV-Streaming-AVOD,,,,,,,,,,,,,,-216.48,,,-162.36,-121.77,,,,,,,,,,,-106.395,-352.026,605.16,-84.722,-65.239,,,,,,,
OOH-Digital-Urban,,,,,,,,,,,,,,-121.229,,,-90.922,-68.191,,,,,,,,,,,-59.581,-109.519,-84.722,823.69,-285.421,,,,,,,
OOH-Transit,,,,,,,,,,,,,,-93.35,,,-70.013,-52.51,,,,,,,,,,,-45.88,-84.334,-65.239,-285.421,488.41,,,,,,,
Amazon-Sponsored-Prod,-9.163,-11.15,-13.91,-5.63,,,,,,,,,-29.44,,,-16.008,,,-26.22,,,,,,-18.17,-11.923,,,,,,,,84.64,-64.998,,,,-30.13,
Amazon-DSP,-15.637,-19.028,-23.738,-9.608,,,,,,,,,-50.24,,,-27.318,,,-44.745,,,,,,-31.008,-20.347,,,,,,,,-64.998,246.49,,,,-51.417,
LinkedIn-Sponsored,,,,,,,,,,,,,,,,,,,,,,-28.857,,,,,,-40.46,,,,,,,,141.61,-34.272,,,
LinkedIn-InMail,,,,,,,,,,,,,,,,,,,,,,-15.52,,,,,,-21.76,,,,,,,,-34.272,40.96,,,
Reddit-Communities,,,,,-49.68,-45.926,,-111.78,-40.186,-149.96,-135.24,-99.82,,,-128.34,,,,,,,,,,,,-74.52,,,,,,,,,,,338.56,,-73.14
Pinterest-Shopping,-13.048,-15.877,-19.807,-8.017,,,,,,,,,-41.92,,,-22.794,,,-37.335,,,,,,-25.872,-16.978,,,,,,,,-30.13,-51.417,,,,171.61,
Twitch-Sponsorships,,,,,-42.93,-39.686,,-96.593,-34.726,-129.585,-116.865,-86.257,,,-110.903,,,,,,,,,,,,-64.395,,,,,,,,,,,-73.14,,252.81
